sample	group
p786pos_AAAGGATGTCCCTGAG-1	Normal
p786pos_AAAGGGCCAAGCCCAC-1	Normal
p786pos_ACAGAAAGTTCGAACT-1	Normal
p786pos_ACCTACCCACTAACGT-1	Normal
p786pos_AGACTCACAATGACCT-1	Normal
p786pos_AGCGTATCAGTTGCGC-1	Normal
p786pos_AGCGTATCATCCCACT-1	Normal
p786pos_AGGATCTGTTTACGTG-1	Normal
p786pos_AGGGAGTGTTGGGTAG-1	Normal
p786pos_AGGGTTTAGCCTCTTC-1	Normal
p786pos_AGTGCCGAGTTGGCTT-1	Normal
p786pos_ATCATTCGTCAAAGTA-1	Normal
p786pos_ATCCACCCAGACGCTC-1	Normal
p786pos_ATGGGAGAGGAGCTGT-1	Normal
p786pos_ATTCATCAGGTAACTA-1	Normal
p786pos_CCGGTAGTCACCCTGT-1	Normal
p786pos_CCTCCTCGTTGCATCA-1	Normal
p786pos_CGGAACCTCTACTGAG-1	Normal
p786pos_CTCAATTAGATGGCGT-1	Normal
p786pos_CTCCTTTCAGTCGTTA-1	Normal
p786pos_CTCTCGAGTTAGGGTG-1	Normal
p786pos_CTGCCTAAGTAGGATT-1	Normal
p786pos_CTGGTCTGTTATAGAG-1	Normal
p786pos_CTTCGGTCACCCAACG-1	Normal
p786pos_GATGATCTCCTGTTGC-1	Normal
p786pos_GCACGTGCAAAGGGCT-1	Normal
p786pos_GCAGGCTGTTTCCCAC-1	Normal
p786pos_GGCACGTCAAATGCTC-1	Normal
p786pos_GGGAAGTTCAGGAGAC-1	Normal
p786pos_GGGTGAACAATTGGTC-1	Normal
p786pos_GGGTTTAAGATTCGCT-1	Normal
p786pos_GGTGTTATCTTGAACG-1	Normal
p786pos_GTGGCGTCAAGGCGTA-1	Normal
p786pos_GTTGTGACATTGTACG-1	Normal
p786pos_TACAACGTCGTAGTCA-1	Normal
p786pos_TACCGAATCAGCTTGA-1	Normal
p786pos_TCAGGTATCTTTCGAT-1	Normal
p786pos_TCCAGAATCGGCACTG-1	Normal
p786pos_TCCATGCGTTCGAACT-1	Normal
p786pos_TCGCTCACAACAGAGC-1	Normal
p786pos_TCGTGCTTCACACCGG-1	Normal
p786pos_TCTAACTGTAGAGCTG-1	Normal
p786pos_TGAGGTTCAAATGATG-1	Normal
p786pos_TGCATCCCATCCGGTG-1	Normal
p786pos_TGTTCATAGCGTTAGG-1	Normal
p786pos_TGTTTGTGTAACCCTA-1	Normal
p786pos_TGTTTGTTCGAGTACT-1	Normal
p786pos_TTACGTTTCGTTCATT-1	Normal
p786neg_AAAGAACGTGAACGGT-1	Normal
p786neg_AACCTGAGTAACCCTA-1	Tumor
p786neg_AACCTTTTCTCGTTTA-1	Normal
p786neg_AAGACTCAGAATTGTG-1	Normal
p786neg_AATAGAGAGGATCACG-1	Normal
p786neg_ACACCAACAGATTAAG-1	Normal
p786neg_ACCCTTGTCTCATTAC-1	Normal
p786neg_ACTGATGCAGTCGGTC-1	Normal
p786neg_AGAAATGAGGCCTGCT-1	Normal
p786neg_AGAGAATGTCTCTCTG-1	Normal
p786neg_AGTAACCTCGGAACTT-1	Normal
p786neg_AGTGCCGTCAGGTGTT-1	Normal
p786neg_ATAGACCAGCTAAATG-1	Normal
p786neg_ATGCCTCCACTATGTG-1	Normal
p786neg_ATGTCCCCACTCCGAG-1	Normal
p786neg_ATTCATCAGGTGATCG-1	Normal
p786neg_ATTCTTGCAAGATTGA-1	Normal
p786neg_CATGCAAGTTGGGTAG-1	Normal
p786neg_CCCTCTCGTCACCACG-1	Normal
p786neg_CGTTCTGGTTCATCTT-1	Normal
p786neg_CTCATTATCGAGAATA-1	Normal
p786neg_CTTTCGGGTACTGTTG-1	Normal
p786neg_GACCAATGTGATAGTA-1	Normal
p786neg_GACCCTTGTGGGTATG-1	Normal
p786neg_GACTGATGTACCCACG-1	Normal
p786neg_GAGGCAATCCTCTGCA-1	Normal
p786neg_GATGTTGTCGCCGAAC-1	Normal
p786neg_GCAGTTACACGGGCTT-1	Normal
p786neg_GCCCAGACAACTGAAA-1	Normal
p786neg_GCCGATGAGCACTCGC-1	Normal
p786neg_GCTACAATCTGTCCGT-1	Normal
p786neg_GCTTCACAGGTTACAA-1	Normal
p786neg_GGCTGTGTCTGTTGGA-1	Normal
p786neg_GGCTTGGTCGTGTGAT-1	Normal
p786neg_GGGACAATCCACGTCT-1	Normal
p786neg_GGTAACTGTACAGTAA-1	Normal
p786neg_GGTTCTCCATTGCCTC-1	Normal
p786neg_GTCAAGTAGCGATGCA-1	Normal
p786neg_GTCGCGAGTCGTTTCC-1	Normal
p786neg_GTGGAGAGTAGAGTTA-1	Normal
p786neg_GTTACGATCTCAACGA-1	Normal
p786neg_TAAGCCAGTGCGACAA-1	Normal
p786neg_TACGGGCCAGTAGGAC-1	Normal
p786neg_TACGGTAGTGCAATGG-1	Normal
p786neg_TATACCTGTTTGAAAG-1	Normal
p786neg_TCAATCTGTACTAGCT-1	Normal
p786neg_TCACGCTTCTTCGACC-1	Normal
p786neg_TCAGTTTTCTTACGGA-1	Normal
p786neg_TCCACCAAGACGACTG-1	Normal
p786neg_TCCACCATCTTGGTCC-1	Normal
p786neg_TCCTCTTGTCTGGTTA-1	Normal
p786neg_TCGACCTTCCTCACGT-1	Normal
p786neg_TGCATGAAGTCCCAAT-1	Normal
p786neg_TGGCGTGCATGCAGGA-1	Normal
p786neg_TGGGCGTTCTAGCATG-1	Normal
p786neg_TGGTACAGTGGTCTGC-1	Normal
p786neg_TGTTCTACACTGCTTC-1	Normal
p786neg_TTGACCCTCCATCTAT-1	Normal
p786neg_TTGGGATTCGACTCCT-1	Normal
p786neg_TTTCATGTCTGCGATA-1	Normal
p786neg_TTTCCTCTCTGTAACG-1	Normal
p811_AAACGCTAGAAGCTGC-1	Normal
p811_AAAGTGACATGGGCAA-1	Tumor
p811_AAATGGAAGAGTTGTA-1	Tumor
p811_AACAGGGCAGAGGTTG-1	Tumor
p811_AACGGGAGTGGAGAAA-1	Tumor
p811_AACGTCATCTGAACGT-1	Normal
p811_AAGGAATTCACGGTCG-1	Tumor
p811_AATAGAGAGCGTCTCG-1	Tumor
p811_AATCACGTCTCCATAT-1	Tumor
p811_AATCGACAGGTCCGAA-1	Tumor
p811_AATCGACGTTCTCTAT-1	Tumor
p811_AATGGCTTCTTTGGAG-1	Tumor
p811_ACATTTCTCGGACCAC-1	Normal
p811_ACCTGTCGTTAAACCC-1	Tumor
p811_ACGTACATCCACGTAA-1	Tumor
p811_ACTATTCAGGAAACGA-1	Tumor
p811_ACTGTCCCAAGTGCAG-1	Tumor
p811_AGAAGCGGTGAGGATC-1	Normal
p811_AGAAGTACATTGCTTT-1	Tumor
p811_AGACACTAGCCGAACA-1	Tumor
p811_AGAGCAGCAGACCATT-1	Tumor
p811_AGAGCCCGTTAGCTAC-1	Tumor
p811_AGATCCACAACTGGTT-1	Normal
p811_AGATCCAGTGACAGGT-1	Tumor
p811_AGCCAATGTTTCGGCG-1	Tumor
p811_AGCGCCACAATACGAA-1	Normal
p811_AGCGTATAGGTGCCTC-1	Normal
p811_AGCTCAATCACTGGGC-1	Tumor
p811_AGCTTCCAGTGGAAAG-1	Normal
p811_AGGACTTGTTACGATC-1	Tumor
p811_AGGCCACAGAAGTATC-1	Tumor
p811_AGGTTGTAGAGGTTTA-1	Tumor
p811_AGTCAACCATGCAGCC-1	Normal
p811_AGTGACTCAGGTCAAG-1	Tumor
p811_AGTGACTTCCTCACGT-1	Normal
p811_ATACCGACAAGGCCTC-1	Tumor
p811_ATAGGCTGTGACACGA-1	Tumor
p811_ATCACAGTCCACCCTA-1	Normal
p811_ATCACGACAGGTAGTG-1	Tumor
p811_ATCCACCTCTGGGATT-1	Normal
p811_ATCCCTGGTCTAACGT-1	Tumor
p811_ATGAAAGAGTGGTGAC-1	Tumor
p811_ATGAGGGCATCGCTGG-1	Tumor
p811_ATGAGGGTCGGTCGAC-1	Tumor
p811_ATGATCGAGTGATAGT-1	Tumor
p811_ATGCCTCTCATCACAG-1	Tumor
p811_ATTATCCCATCGGAAG-1	Normal
p811_ATTCACTAGGACTAAT-1	Normal
p811_ATTCGTTCAGTAGTGG-1	Normal
p811_CAAGACTTCGCAATGT-1	Tumor
p811_CAAGGGATCGAACACT-1	Tumor
p811_CACGTGGAGCGAAACC-1	Tumor
p811_CACGTTCTCTGGGTCG-1	Normal
p811_CACTGTCCAGAGACTG-1	Tumor
p811_CAGGTATCAACACGAG-1	Tumor
p811_CAGTTAGAGGAGAGTA-1	Tumor
p811_CAGTTAGCAGCTGGTC-1	Tumor
p811_CATCGCTTCTTTCTAG-1	Normal
p811_CATGCGGAGTTCAACC-1	Tumor
p811_CCACAAAAGGTTGCCC-1	Normal
p811_CCACGAGTCCTCATAT-1	Tumor
p811_CCACGTTGTTGTGCCG-1	Tumor
p811_CCCAACTAGCCTTGAT-1	Normal
p811_CCCTGATGTGTCTTGA-1	Tumor
p811_CCGGTAGAGCTCATAC-1	Tumor
p811_CCTCATGAGATTCGCT-1	Tumor
p811_CCTCATGCAGACCAAG-1	Tumor
p811_CGAAGGATCGCAACAT-1	Tumor
p811_CGAAGTTAGTGCAACG-1	Tumor
p811_CGGGCATTCAAAGCCT-1	Tumor
p811_CGGTCAGAGTCTGTAC-1	Tumor
p811_CGTCCATTCCGATAGT-1	Tumor
p811_CGTGATACAGTGCCTG-1	Tumor
p811_CGTTCTGCATGGTGGA-1	Tumor
p811_CTCATCGAGATTCGCT-1	Normal
p811_CTCATTAGTTGGACCC-1	Tumor
p811_CTCCAACCACGGTCTG-1	Tumor
p811_CTCCGATGTGGATCGA-1	Tumor
p811_CTCTCGAAGGTGCTTT-1	Tumor
p811_CTCTGGTTCAACTTTC-1	Tumor
p811_CTGAGCGGTTCCCAAA-1	Normal
p811_CTGTACCTCATGAGAA-1	Tumor
p811_CTTACCGAGTTAGTGA-1	Tumor
p811_CTTAGGATCAACACGT-1	Normal
p811_CTTCGGTTCGCGATCG-1	Tumor
p811_CTTGATTTCTAGGAAA-1	Tumor
p811_CTTTCGGCATGAAAGT-1	Normal
p811_GAAGCCCTCGCCGAAC-1	Normal
p811_GAAGGACGTTCTCACC-1	Normal
p811_GAAGTAAGTTGTCAGT-1	Tumor
p811_GAATAGAGTCTTGCTC-1	Tumor
p811_GAATCGTCACGAGGTA-1	Normal
p811_GAGACCCGTTTCCATT-1	Tumor
p811_GAGTGTTTCGTAGTCA-1	Tumor
p811_GAGTTTGAGACGCCCT-1	Tumor
p811_GATCAGTGTGAGTCAG-1	Tumor
p811_GATCCCTAGCATTTGC-1	Normal
p811_GATCCCTGTAGGCTGA-1	Tumor
p811_GATTCTTTCTGTGTGA-1	Tumor
p811_GCATCTCCACGACCTG-1	Tumor
p811_GCATTAGGTGACTGTT-1	Normal
p811_GCGTTTCAGCGTGAGT-1	Tumor
p811_GCTTGGGGTTTACTTC-1	Tumor
p811_GGAGATGAGGACGCAT-1	Tumor
p811_GGCAGTCTCTTGGGCG-1	Tumor
p811_GGCGTCAAGGATCACG-1	Normal
p811_GGCTGTGGTCAGATTC-1	Normal
p811_GGGATGAAGGCTCCCA-1	Tumor
p811_GGGTATTGTTTGGGAG-1	Normal
p811_GGTGTCGGTAGGGTAC-1	Tumor
p811_GGTTGTATCTGCGATA-1	Tumor
p811_GTACAGTGTCAAGCCC-1	Normal
p811_GTCACGGGTCGGCTAC-1	Normal
p811_GTCGTTCTCGAGAGCA-1	Tumor
p811_GTGAGCCGTTCAAAGA-1	Tumor
p811_GTGAGGACAAGCAGGT-1	Normal
p811_GTGCACGGTAGTGTGG-1	Normal
p811_GTGCTGGTCAGGTGTT-1	Tumor
p811_GTGCTTCAGCTCCGAC-1	Tumor
p811_GTTGAACAGTAGACCG-1	Tumor
p811_TAAGCACCAGGACAGT-1	Tumor
p811_TAAGTCGGTTCCTAAG-1	Tumor
p811_TACCCACGTTGCGTAT-1	Tumor
p811_TACCTCGGTCTCAAGT-1	Normal
p811_TACTTGTAGCCTATTG-1	Normal
p811_TCACACCAGCATAGGC-1	Tumor
p811_TCAGGGCGTCAGTCTA-1	Tumor
p811_TCATCATGTTGACTAC-1	Normal
p811_TCATCCGAGCCGAACA-1	Normal
p811_TCATTCACAGGGTCTC-1	Tumor
p811_TCATTTGGTACCCGAC-1	Tumor
p811_TCGATTTAGCAACAAT-1	Tumor
p811_TCGCTCATCTATGCCC-1	Normal
p811_TCGGGACAGGGAGTTC-1	Normal
p811_TCGTAGAGTTTCTATC-1	Tumor
p811_TCTAACTGTCACTCGG-1	Tumor
p811_TCTATACTCGGCATAT-1	Tumor
p811_TCTCACGTCCGGCAGT-1	Normal
p811_TCTCCGATCCAAATGC-1	Tumor
p811_TCTTTGAAGCTCCATA-1	Tumor
p811_TGAACGTAGCCTGGAA-1	Tumor
p811_TGAATGCAGAAACACT-1	Tumor
p811_TGCTTGCAGTAGGTTA-1	Tumor
p811_TGCTTGCGTTCTAAGC-1	Tumor
p811_TGCTTGCTCAGTCACA-1	Normal
p811_TGGATGTTCGAACTCA-1	Tumor
p811_TGGGATTAGTGCCCGT-1	Tumor
p811_TGGGATTTCTGCTTTA-1	Tumor
p811_TGGGTTATCGTTCAGA-1	Tumor
p811_TGTAGACGTTAAGGAT-1	Normal
p811_TGTCCACTCGTTCTCG-1	Tumor
p811_TGTCCCAAGTCTGGAG-1	Tumor
p811_TGTCCCAGTGAGCTCC-1	Tumor
p811_TGTGAGTCAGGTGTTT-1	Tumor
p811_TGTGCGGAGACTCGAG-1	Tumor
p811_TGTTGGAGTCGACGCT-1	Normal
p811_TTACGCCAGACGACGT-1	Normal
p811_TTACTGTAGATCGCCC-1	Normal
p811_TTAGTCTAGAGTTGCG-1	Normal
p811_TTCAATCGTACCCGAC-1	Tumor
p811_TTCCTCTAGCTACTAC-1	Tumor
p811_TTCGATTCAAGCGCAA-1	Tumor
p811_TTCGATTTCGTAACAC-1	Tumor
p811_TTCTAGTAGGTTCCAT-1	Normal
p811_TTCTCTCTCATGAGAA-1	Tumor
p811_TTGCATTTCTCATTGT-1	Tumor
p811_TTGCCTGTCTGGCTGG-1	Tumor
p811_TTGCTGCCACGACCTG-1	Tumor
p811_TTGTTCACAGACAAAT-1	Tumor
p811_TTTACCAAGCGTACAG-1	Tumor
p811_TTTACGTAGAAGGATG-1	Tumor
p811_TTTAGTCAGGATAATC-1	Tumor
p811_TTTCCTCTCCACCCTA-1	Tumor
p826_AAATGGACAGAAACCG-1	Tumor
p826_AACAGGGCAAGACTGG-1	Tumor
p826_ACAGAAACACCCATAA-1	Tumor
p826_ACATCCCGTGAAGCGT-1	Tumor
p826_ACCGTTCTCGTGAGAG-1	Tumor
p826_ACGGGTCGTACCTGTA-1	Normal
p826_ACTTCCGGTCAGTCGC-1	Tumor
p826_ACTTTGTCACCAAAGG-1	Tumor
p826_ACTTTGTTCAGCCCAG-1	Tumor
p826_AGACAGGTCGAGGCAA-1	Tumor
p826_AGTAGTCGTGATACTC-1	Tumor
p826_ATCGATGGTCATAACC-1	Tumor
p826_ATTCATCTCTCCACTG-1	Tumor
p826_CAAGCTAAGGTTTACC-1	Tumor
p826_CAGGCCATCGACGACC-1	Tumor
p826_CATCGTCTCAGCTGTA-1	Tumor
p826_CATTGAGGTGCACAAG-1	Tumor
p826_CCAATTTAGACAACAT-1	Tumor
p826_CCACGTTAGCAACTCT-1	Tumor
p826_CCATAAGTCGTAGGAG-1	Tumor
p826_CCATCACCAATTAGGA-1	Tumor
p826_CCCTTAGTCGAGAAAT-1	Normal
p826_CCGGACAGTCGTACTA-1	Tumor
p826_CTAACCCGTCCAAGAG-1	Tumor
p826_CTCAACCAGCGCAATG-1	Tumor
p826_CTGAATGCACTGCGTG-1	Tumor
p826_CTGAATGGTGAAAGTT-1	Normal
p826_CTGCAGGGTATGACAA-1	Tumor
p826_CTTCCGAGTCTAGTGT-1	Normal
p826_GAAATGATCAAGTGTC-1	Tumor
p826_GAAGGGTAGACTGGGT-1	Tumor
p826_GAGTGAGGTGAATTAG-1	Tumor
p826_GCACATAGTGTGAGCA-1	Normal
p826_GCATCTCGTCAAATCC-1	Tumor
p826_GCCCAGAAGGCCTGAA-1	Tumor
p826_GCCCGAACAACTGATC-1	Tumor
p826_GCTACAAAGCCACTCG-1	Tumor
p826_GCTACAATCCCTTGGT-1	Tumor
p826_GCTGGGTAGCATTGTC-1	Tumor
p826_GGGTTTAAGTATCTGC-1	Normal
p826_GGTCACGAGATGGTCG-1	Tumor
p826_GGTTCTCTCCCTTTGG-1	Tumor
p826_GTGAGCCAGGCTAGCA-1	Tumor
p826_GTTGTCCTCCGCACGA-1	Tumor
p826_TATCCTATCGTCAGAT-1	Normal
p826_TATCGCCAGCATGGGT-1	Tumor
p826_TATCTTGCATGGATCT-1	Tumor
p826_TATTCCAAGGATACGC-1	Tumor
p826_TCACGGGCACAACGTT-1	Tumor
p826_TCAGTCCGTGCCCTTT-1	Tumor
p826_TCATTGTCACATGACT-1	Normal
p826_TCCATCGTCCGATCGG-1	Tumor
p826_TCGACCTGTCTGATCA-1	Tumor
p826_TCGCAGGTCCGAGCTG-1	Tumor
p826_TCTATACTCGAGTGAG-1	Tumor
p826_TGCGGCACACAATCTG-1	Tumor
p826_TGCGGGTTCGGAACTT-1	Tumor
p826_TGCTTCGGTTATTCCT-1	Tumor
p826_TGCTTGCAGGTGCCAA-1	Tumor
p826_TGGAACTGTTGGAGAC-1	Tumor
p826_TGGAGGACACGAGAAC-1	Tumor
p826_TGGGTTATCATCCCGT-1	Tumor
p826_TTACCGCTCAGTGCGC-1	Tumor
p826_TTCCAATTCTAACACG-1	Tumor
p846_AAGTTCGAGAGTTGAT-1	Normal
p846_ACAACCAAGACGCATG-1	Normal
p846_ACACTGAAGCATGATA-1	Normal
p846_ATCCACCTCAGCTGAT-1	Normal
p846_ATCCACCTCGGCTGTG-1	Tumor
p846_ATCGTAGAGGTACAAT-1	Normal
p846_CAACAACGTGCGGATA-1	Normal
p846_CCCGGAATCGTTGTTT-1	Tumor
p846_CCTCTCCGTTCGGGTC-1	Normal
p846_CTCTCGATCCGTCCTA-1	Normal
p846_CTGATCCCAACTAGAA-1	Normal
p846_CTGCTCACAACCCTAA-1	Normal
p846_GATCCCTAGTCGTTAC-1	Normal
p846_GTGCTTCAGACTTCGT-1	Normal
p846_GTTATGGTCTTAGCCC-1	Normal
p846_TAGAGTCGTTAAGCAA-1	Normal
p846_TAGGAGGTCCATGCAA-1	Normal
p846_TATATCCGTACAGTAA-1	Normal
p846_TCAAGCACACCAATTG-1	Normal
p846_TGCCGAGGTATGCTTG-1	Normal
p846_TTAATCCAGAGTCAAT-1	Normal
p846_TTCCGTGCAGTCTACA-1	Normal
p848_AAACGCTCAAACCGGA-1	Normal
p848_AACAACCAGACGCATG-1	Normal
p848_AACCACAAGCTAAGTA-1	Normal
p848_AACCCAAAGCCTGACC-1	Tumor
p848_AACGTCACAACTGATC-1	Normal
p848_AACGTCATCCCAGTGG-1	Tumor
p848_AATCGACCACGACCTG-1	Normal
p848_AATGACCCAACACTAC-1	Tumor
p848_ACAAAGAGTGGGAGAG-1	Normal
p848_ACAAGCTTCTTCTTCC-1	Tumor
p848_ACAGAAAGTCCCAAAT-1	Tumor
p848_ACAGGGACATCGATCA-1	Tumor
p848_ACATCGACACATTCTT-1	Tumor
p848_ACCAAACAGTCATAGA-1	Normal
p848_ACCAACAAGTGGCAGT-1	Tumor
p848_ACCACAACACGCCACA-1	Tumor
p848_ACGGAAGTCCGTGTCT-1	Normal
p848_ACGGTCGAGAAGTCCG-1	Tumor
p848_ACTACGAGTTGTTGAC-1	Normal
p848_ACTGCAATCGCGCCAA-1	Normal
p848_ACTTCGCAGGGACCAT-1	Tumor
p848_AGACAAATCCTAGCGG-1	Normal
p848_AGCCAGCCAACGATCT-1	Normal
p848_AGGACGAGTCACGACC-1	Normal
p848_AGTAGTCTCATTTCGT-1	Normal
p848_AGTAGTCTCTCCTGCA-1	Normal
p848_AGTTAGCCAATGTCAC-1	Normal
p848_ATAGACCTCCTCGATC-1	Tumor
p848_ATCGTAGTCTCTAGGA-1	Tumor
p848_ATCTCTATCGCCAACG-1	Tumor
p848_ATGCGATAGCGTGTTT-1	Tumor
p848_ATGTCCCTCGCTAAAC-1	Tumor
p848_CAAAGAAAGCCTCACG-1	Tumor
p848_CAACGGCTCGCTTTAT-1	Tumor
p848_CAAGACTGTTTCCATT-1	Normal
p848_CACAACACACCCAATA-1	Tumor
p848_CACAGATAGTTAACAG-1	Tumor
p848_CACAGGCCAGCACCCA-1	Tumor
p848_CAGTTCCCATTAGGAA-1	Normal
p848_CATCCGTGTTTAGTCG-1	Normal
p848_CATCGGGTCCGCGATG-1	Normal
p848_CATCGTCCATCAGCAT-1	Normal
p848_CCACAAAGTGATTGGG-1	Tumor
p848_CCTAAGATCCTGTAGA-1	Tumor
p848_CGATCGGCATGTTACG-1	Normal
p848_CGGAACCAGGATGAGA-1	Normal
p848_CGGAACCGTTGGAGGT-1	Tumor
p848_CGGTCAGTCTAGCAAC-1	Tumor
p848_CGTCCATGTACAACGG-1	Normal
p848_CTACAGAGTCCAGAAG-1	Normal
p848_CTCACTGAGCGTCAGA-1	Normal
p848_CTCCTTTTCGATTGGT-1	Tumor
p848_CTTACCGAGAAACTAC-1	Tumor
p848_GAACACTAGGTACATA-1	Normal
p848_GAAGAATCACGGGCTT-1	Normal
p848_GAATAGAAGGATTTCC-1	Normal
p848_GAATCACGTAGTCGGA-1	Normal
p848_GACTCAAAGCTCCGAC-1	Tumor
p848_GATGGAGGTAAGACCG-1	Tumor
p848_GATTGGTCATCGTCCT-1	Normal
p848_GCTACAAGTCAACGCC-1	Normal
p848_GCTCAAAAGAATTCAG-1	Normal
p848_GCTCAAACAGGCTCTG-1	Tumor
p848_GCTCAAACATCATTGG-1	Tumor
p848_GGGACCTTCCGAGATT-1	Normal
p848_GGGACTCAGCTTTCCC-1	Normal
p848_GGGCTACAGATTGAGT-1	Tumor
p848_GGTGATTGTTGCGGCT-1	Tumor
p848_GGTTGTACAGTTTGGT-1	Normal
p848_GTCGAATTCCTGGGTG-1	Normal
p848_GTCGCGAAGTAGCTCT-1	Tumor
p848_GTGCAGCGTTCTTGTT-1	Normal
p848_GTGCGTGTCTCCTGCA-1	Normal
p848_GTTCTATCATCTTCGC-1	Normal
p848_GTTTGGAGTGGTTCTA-1	Tumor
p848_TAACTTCGTAGATGTA-1	Normal
p848_TACATTCGTAGAGCTG-1	Tumor
p848_TACTTGTGTAGAATGT-1	Tumor
p848_TAGACCAGTCTGTGCG-1	Normal
p848_TAGCACAGTGTGATGG-1	Normal
p848_TATTCCAAGGTGCCAA-1	Tumor
p848_TCACTCGTCGGTCACG-1	Normal
p848_TCATACTAGAGAACCC-1	Tumor
p848_TCATCCGGTCACCGCA-1	Tumor
p848_TCCCAGTAGTCGCGAA-1	Tumor
p848_TCGATTTCAGTCTTCC-1	Tumor
p848_TCGCTTGCAGTATACC-1	Tumor
p848_TCGTAGACATAGATGA-1	Tumor
p848_TCTCCGATCGTCTCAC-1	Tumor
p848_TCTTTGAAGTGTAGTA-1	Tumor
p848_TGATGCAAGCCTGTGC-1	Tumor
p848_TGATGGTAGAAGCCTG-1	Tumor
p848_TGCATCCTCGTCTAAG-1	Normal
p848_TGCGACGAGATGTTAG-1	Tumor
p848_TGCGACGTCACTGTTT-1	Tumor
p848_TGCGATACATGTGGTT-1	Tumor
p848_TGCTCGTGTTAATCGC-1	Tumor
p848_TGGTTAGTCACGATCA-1	Normal
p848_TTACAGGTCGCCGTGA-1	Tumor
p848_TTCAATCAGATAGCAT-1	Normal
p848_TTCAGGAGTCACGACC-1	Tumor
p848_TTCATGTCATGACAGG-1	Tumor
p848_TTCTAACAGAGAGTGA-1	Tumor
p848_TTCTTCCTCTTCTAAC-1	Tumor
p848_TTGTGTTCAGTCTACA-1	Tumor
p848_TTTACCACAGCAGTCC-1	Normal
p848_TTTACCAGTGTGCTTA-1	Normal
p848_TTTAGTCAGTGATTCC-1	Tumor
p848_TTTAGTCTCCCTTGTG-1	Normal
p4_AAACCTGCACCGAATT-1	Tumor
p4_AACGTTGGTAATCGTC-1	Normal
p4_AATCGGTTCATCGGAT-1	Normal
p4_ACGAGCCGTGGTCCGT-1	Normal
p4_ACTATCTGTAAACGCG-1	Normal
p4_AGAATAGGTCACTTCC-1	Normal
p4_AGAATAGTCTTCGGTC-1	Normal
p4_AGAGTGGGTAGTACCT-1	Normal
p4_AGATCTGAGAGCAATT-1	Normal
p4_AGCAGCCCAGGTGGAT-1	Normal
p4_AGCATACAGAAGCCCA-1	Normal
p4_AGCTCTCCATACCATG-1	Normal
p4_AGGCCACGTCTACCTC-1	Normal
p4_AGGGTGAAGGATGTAT-1	Normal
p4_ATAGACCAGAAACCAT-1	Normal
p4_ATCCACCGTCTTGCGG-1	Normal
p4_ATCCGAATCTGCGGCA-1	Normal
p4_ATTGGACCAAGGCTCC-1	Normal
p4_CACATAGTCCGTAGGC-1	Normal
p4_CACCTTGTCGCTGATA-1	Normal
p4_CAGCAGCAGAAAGTGG-1	Normal
p4_CAGCGACGTTCTGAAC-1	Normal
p4_CAGGTGCTCATGTCTT-1	Normal
p4_CATCAAGTCTATCCTA-1	Normal
p4_CATCGGGCAAAGTCAA-1	Normal
p4_CCAATCCTCAACGGGA-1	Normal
p4_CCATGTCAGTATGACA-1	Normal
p4_CCCAGTTGTGGCAAAC-1	Normal
p4_CCGTTCATCTCAACTT-1	Normal
p4_CGAACATAGGCTAGCA-1	Normal
p4_CGATGGCCACGAAATA-1	Normal
p4_CGATGTAAGAATGTGT-1	Normal
p4_CGCGTTTAGACAGGCT-1	Normal
p4_CGTCACTCAGCAGTTT-1	Normal
p4_CGTTGGGGTGAGCGAT-1	Normal
p4_CTAATGGTCGCTGATA-1	Normal
p4_CTAGAGTCAACTGCTA-1	Normal
p4_CTAGCCTTCTTAGCCC-1	Normal
p4_CTCACACTCCGGGTGT-1	Normal
p4_CTCGAAAAGGTCGGAT-1	Normal
p4_CTCGGGATCAACCAAC-1	Normal
p4_CTGAAGTAGCTAGTCT-1	Normal
p4_CTGATAGAGAGAACAG-1	Normal
p4_CTGCTGTAGATATGGT-1	Normal
p4_CTTAACTCATGAAGTA-1	Normal
p4_CTTACCGGTTTGGCGC-1	Normal
p4_CTTAGGAGTGTAATGA-1	Normal
p4_GAAACTCAGGTGGGTT-1	Normal
p4_GACAGAGCATGTCCTC-1	Normal
p4_GACTAACCAACTGCGC-1	Normal
p4_GACTGCGCACCAGCAC-1	Normal
p4_GATGAAAAGCCACGCT-1	Normal
p4_GCACATAAGAATGTGT-1	Normal
p4_GCAGTTAGTGAAAGAG-1	Normal
p4_GCCTCTACATAAGACA-1	Normal
p4_GCCTCTATCTCGTATT-1	Normal
p4_GCGCAGTTCACCAGGC-1	Normal
p4_GCTCCTATCAACGGGA-1	Normal
p4_GGAATAAAGCTCCTCT-1	Normal
p4_GGCAATTAGTGCCAGA-1	Normal
p4_GGCGTGTGTGAGGGTT-1	Normal
p4_GGGAATGTCTCCGGTT-1	Normal
p4_GGGAGATGTACCTACA-1	Normal
p4_GGGCATCAGAGTCTGG-1	Normal
p4_GTACTTTTCGTGGACC-1	Normal
p4_GTCATTTGTCACTGGC-1	Normal
p4_GTGCGGTGTTAAGGGC-1	Normal
p4_GTGTGCGCACCTATCC-1	Normal
p4_GTTCGGGAGTGGTAGC-1	Normal
p4_TACGGTAGTAGAAGGA-1	Normal
p4_TATCTCATCCTAGGGC-1	Normal
p4_TATGCCCTCCGGCACA-1	Normal
p4_TCAGATGCAATCCAAC-1	Normal
p4_TCGCGTTGTCAGATAA-1	Normal
p4_TCGGGACGTGTCTGAT-1	Normal
p4_TGAAAGAAGGCCGAAT-1	Normal
p4_TGACGGCCAGCTGTAT-1	Tumor
p4_TGCTACCAGTACGCGA-1	Normal
p4_TGGCCAGGTTGTACAC-1	Normal
p4_TGGCGCACACATGGGA-1	Normal
p4_TGGGAAGGTCGAAAGC-1	Normal
p4_TGGTTAGCAGGAATGC-1	Normal
p4_TGTTCCGAGGCATGTG-1	Normal
p4_TTAACTCTCGTTTAGG-1	Normal
p4_TTAGGACCACAGGAGT-1	Normal
p4_TTAGGCAGTGTTAAGA-1	Normal
p4_TTCGGTCGTCAACATC-1	Normal
p4_TTCTCCTAGTGATCGG-1	Normal
p4_TTGCGTCGTACTTGAC-1	Normal
p4_TTGGAACGTATCACCA-1	Normal
p8pos_AACACGTAGGCGACAT-1	Tumor
p8pos_ACCAGTACACCGATAT-1	Normal
p8pos_AGAATAGCACGGCTAC-1	Normal
p8pos_AGGGAGTAGTCTCAAC-1	Tumor
p8pos_ATAACGCCACGAGAGT-1	Tumor
p8pos_ATCCGAACAGTTCATG-1	Tumor
p8pos_CAACCTCCATACCATG-1	Tumor
p8pos_CATATTCGTTACGACT-1	Tumor
p8pos_CCGTGGAAGATGGGTC-1	Tumor
p8pos_CCGTTCATCACATAGC-1	Tumor
p8pos_CCTTCGATCGAGAACG-1	Tumor
p8pos_CGGCTAGCATTAGGCT-1	Tumor
p8pos_CGGTTAAAGTATCGAA-1	Tumor
p8pos_CGTGTAATCCGAATGT-1	Tumor
p8pos_CGTTAGATCGGCTTGG-1	Tumor
p8pos_CTCTAATAGTGAAGAG-1	Tumor
p8pos_CTGCCTACATATACCG-1	Tumor
p8pos_CTGTTTATCGAATGGG-1	Normal
p8pos_GACAGAGCAAATACAG-1	Tumor
p8pos_GACCAATCAAGTTGTC-1	Tumor
p8pos_GACGCGTCAAAGGCGT-1	Tumor
p8pos_GACGGCTAGCCCAATT-1	Tumor
p8pos_GATCGATAGCGTGTCC-1	Tumor
p8pos_GCACTCTGTGCAGACA-1	Tumor
p8pos_GCGAGAAAGGGAGTAA-1	Tumor
p8pos_GCTGCGACATCGGGTC-1	Tumor
p8pos_GCTGCGATCAATACCG-1	Tumor
p8pos_GGGCACTTCTCCTATA-1	Tumor
p8pos_GGTGAAGTCAACGGGA-1	Tumor
p8pos_TACTCATAGACTTTCG-1	Normal
p8pos_TACTCGCGTTTGTGTG-1	Tumor
p8pos_TCACGAACATCGATTG-1	Tumor
p8pos_TCAGATGGTAGGACAC-1	Tumor
p8pos_TGGCGCACACGACGAA-1	Normal
p8pos_TTCTCCTAGTGGAGTC-1	Tumor
p8pos_TTGCCGTCACCAACCG-1	Normal
p8pos_TTGTAGGAGATGTCGG-1	Tumor
p8neg_AAAGATGGTACCGAGA-1	Tumor
p8neg_AAGCCGCGTGTAACGG-1	Tumor
p8neg_ACTATCTTCGCCTGAG-1	Tumor
p8neg_ACTTGTTTCTGAAAGA-1	Tumor
p8neg_AGAATAGTCGAATGCT-1	Tumor
p8neg_AGAGCTTGTGTAATGA-1	Tumor
p8neg_AGGGTGAAGGGTGTTG-1	Tumor
p8neg_AGTGTCAGTGCATCTA-1	Tumor
p8neg_ATAACGCCAGTACACT-1	Tumor
p8neg_CACACCTAGTAGCCGA-1	Tumor
p8neg_CACAGGCAGCTGTTCA-1	Tumor
p8neg_CATATTCAGGACCACA-1	Tumor
p8neg_CATCAGAGTGAGGGTT-1	Tumor
p8neg_CATCGAAAGGTGCTAG-1	Tumor
p8neg_CCCAATCCATTACGAC-1	Tumor
p8neg_CCTACACCAAGTAATG-1	Tumor
p8neg_CGAGCACCAGCCAATT-1	Tumor
p8neg_CGAGCACTCACTTCAT-1	Tumor
p8neg_CGGACACTCGGGAGTA-1	Tumor
p8neg_CGTAGGCCAAGGTGTG-1	Tumor
p8neg_CTTACCGTCACCGGGT-1	Tumor
p8neg_CTTAGGACAATGGAAT-1	Tumor
p8neg_GACACGCAGTGTCCAT-1	Tumor
p8neg_GGAATAAAGAGTAATC-1	Tumor
p8neg_GGACATTGTCAAGCGA-1	Tumor
p8neg_GGCCGATAGTGAAGTT-1	Tumor
p8neg_GGGTCTGCAACGATGG-1	Tumor
p8neg_GGGTTGCGTATGGTTC-1	Tumor
p8neg_GGGTTGCGTGAGTGAC-1	Tumor
p8neg_GTAGTCAAGGTGACCA-1	Tumor
p8neg_GTCTCGTCAGCCAATT-1	Tumor
p8neg_TACTCATGTGCGGTAA-1	Tumor
p8neg_TAGTTGGAGGATGGAA-1	Tumor
p8neg_TATTACCCAGCCTGTG-1	Tumor
p8neg_TCAGCAAAGCATGGCA-1	Tumor
p8neg_TGAGCATTCAAACCGT-1	Tumor
p8neg_TTAACTCCATCCGCGA-1	Tumor
p8neg_TTCCCAGCATGCTGGC-1	Tumor
p8neg_TTGACTTAGTTCGCGC-1	Tumor
p8neg_TTTGCGCGTAGCGCAA-1	Tumor
p7_AAACGGGCACGGCGTT-1	Normal
p7_AACTTTCGTCTCCACT-1	Normal
p7_ACACCCTTCCTTCAAT-1	Normal
p7_ACATCAGGTCTCAACA-1	Normal
p7_ACCCACTCATGTCTCC-1	Normal
p7_ACGATACTCCGCAGTG-1	Normal
p7_ACGCCAGTCCGAATGT-1	Normal
p7_ACGTCAAGTGAGGGTT-1	Normal
p7_ACTGAACAGCTTATCG-1	Normal
p7_AGCTCTCTCCGTCATC-1	Normal
p7_AGGGTGACAGTCCTTC-1	Normal
p7_AGGTCCGAGGTTCCTA-1	Normal
p7_AGTAGTCCAAGCTGAG-1	Tumor
p7_AGTAGTCCAGGCTGAA-1	Normal
p7_AGTAGTCCATGGTCTA-1	Normal
p7_AGTGTCAGTCTTCTCG-1	Normal
p7_AGTTGGTCAGCTCCGA-1	Normal
p7_ATTACTCGTCAGATAA-1	Normal
p7_ATTCTACAGCGCTCCA-1	Normal
p7_ATTTCTGTCCTGTAGA-1	Normal
p7_ATTTCTGTCCTTGACC-1	Normal
p7_CACACCTAGCGTCTAT-1	Normal
p7_CAGTCCTTCATATCGG-1	Tumor
p7_CATCCACAGGATCGCA-1	Tumor
p7_CATGACAGTCTCATCC-1	Tumor
p7_CATGACATCTCAAACG-1	Normal
p7_CCAGCGACACCATCCT-1	Normal
p7_CCATTCGCAGATCCAT-1	Tumor
p7_CCCAGTTAGCGCTCCA-1	Normal
p7_CCTCTGAGTCGTTGTA-1	Normal
p7_CGAGCACAGCTAACTC-1	Normal
p7_CGCTATCGTCCAGTTA-1	Tumor
p7_CGTAGGCGTCTCACCT-1	Tumor
p7_CGTGTAATCGTCACGG-1	Normal
p7_CTAATGGGTTATCGGT-1	Normal
p7_CTACATTTCACCTTAT-1	Tumor
p7_CTCACACGTGGTACAG-1	Normal
p7_CTCAGAAGTACTTAGC-1	Tumor
p7_CTCGAGGCAATGGTCT-1	Normal
p7_CTCTACGCACATCTTT-1	Tumor
p7_CTGAAGTAGAGACGAA-1	Normal
p7_CTGAAGTAGGCCCGTT-1	Normal
p7_CTGATCCAGCACGCCT-1	Tumor
p7_CTGATCCCAAAGGCGT-1	Tumor
p7_CTGGTCTAGAGGTAGA-1	Normal
p7_CTGTTTAAGCAGACTG-1	Normal
p7_CTTAGGATCAGTTTGG-1	Tumor
p7_CTTGGCTAGCCCTAAT-1	Tumor
p7_CTTGGCTCAACACGCC-1	Tumor
p7_GACCTGGGTCAGCTAT-1	Normal
p7_GATCGATTCGCCGTGA-1	Normal
p7_GATCGTAAGTGATCGG-1	Normal
p7_GATTCAGGTTCCCGAG-1	Normal
p7_GCAATCACATCCGTGG-1	Normal
p7_GCAGTTAGTCAATGTC-1	Tumor
p7_GCATACAAGAGTACCG-1	Normal
p7_GCGACCAAGAAACCGC-1	Normal
p7_GCGCAGTCAAAGTGCG-1	Normal
p7_GCGCCAATCACGGTTA-1	Normal
p7_GCTTGAAGTAAGTGGC-1	Tumor
p7_GGAAAGCAGGTAAACT-1	Normal
p7_GGACAGAAGAACAATC-1	Normal
p7_GGATGTTGTTTGCATG-1	Tumor
p7_GGATTACAGACATAAC-1	Normal
p7_GGATTACTCCCGACTT-1	Tumor
p7_GGCTGGTTCTGGTTCC-1	Normal
p7_GGGATGATCCCACTTG-1	Normal
p7_GGTATTGAGAGTGACC-1	Tumor
p7_GGTGAAGTCTCCAGGG-1	Tumor
p7_GTCACGGCAGGCTGAA-1	Normal
p7_GTCCTCATCATTTGGG-1	Tumor
p7_GTCGGGTTCTGCTGTC-1	Tumor
p7_GTCTCGTGTCGCTTCT-1	Tumor
p7_GTGCATATCAGTACGT-1	Normal
p7_GTGTTAGGTACGAAAT-1	Normal
p7_GTTCGGGCAATTGCTG-1	Tumor
p7_GTTCTCGAGGACACCA-1	Normal
p7_GTTCTCGAGGTGGGTT-1	Normal
p7_TAAGAGAAGACCTTTG-1	Normal
p7_TAAGTGCAGCTAACAA-1	Tumor
p7_TACCTATAGGAGCGAG-1	Normal
p7_TACGGGCGTCGAACAG-1	Normal
p7_TACTCATCAAACCCAT-1	Normal
p7_TACTTACTCTGCCAGG-1	Tumor
p7_TATCAGGGTACAGTGG-1	Normal
p7_TCAACGATCGTCTGCT-1	Normal
p7_TCACAAGCATATACGC-1	Tumor
p7_TCTCATATCTGCCAGG-1	Normal
p7_TCTTTCCAGGTGCTAG-1	Normal
p7_TGAAAGAGTAGGCATG-1	Normal
p7_TGACGGCCATGTAGTC-1	Tumor
p7_TGACTTTGTGGTGTAG-1	Normal
p7_TGACTTTGTGTAACGG-1	Normal
p7_TGCCAAATCCAAATGC-1	Normal
p7_TGCCCATTCCACGAAT-1	Normal
p7_TGCCCTACATGCAACT-1	Tumor
p7_TGTTCCGTCTTTCCTC-1	Normal
p7_TTATGCTGTTATGCGT-1	Normal
p7_TTCTTAGTCGCAAACT-1	Normal
p7_TTTGTCAAGCACCGTC-1	Normal
p9_AAAGATGTCGGCGCTA-1	Normal
p9_AAGCCGCAGCCCTAAT-1	Normal
p9_ACGCCGACAGAGCCAA-1	Normal
p9_ACGGAGACAAAGAATC-1	Normal
p9_ACGTCAAAGCGCCTCA-1	Normal
p9_ACTGAACAGAAGGTGA-1	Normal
p9_AGAGCTTCAACTGGCC-1	Normal
p9_AGCGTATTCCCAACGG-1	Normal
p9_ATAACGCAGCAGGTCA-1	Normal
p9_ATCCACCGTCTGATCA-1	Normal
p9_ATTGGTGGTAGCGTCC-1	Normal
p9_CAACTAGCATGGTAGG-1	Normal
p9_CACACAAAGTTGTAGA-1	Normal
p9_CACACCTAGACGCTTT-1	Normal
p9_CACTCCAAGCTCCTTC-1	Normal
p9_CATATTCAGCCATCGC-1	Normal
p9_CCCATACAGCAGCCTC-1	Normal
p9_CCTAAAGGTATATGAG-1	Normal
p9_CCTATTAGTTGATTCG-1	Normal
p9_CCTATTATCCTGCTTG-1	Normal
p9_CGATGTAGTCATCCCT-1	Normal
p9_CGATTGACATACAGCT-1	Normal
p9_CGCTTCAAGAATTCCC-1	Normal
p9_CGGACACGTGAAAGAG-1	Normal
p9_CGGAGTCGTCCGTGAC-1	Normal
p9_CGGTTAATCACTGGGC-1	Normal
p9_CGTCAGGAGGACGAAA-1	Normal
p9_CGTCAGGTCGATGAGG-1	Normal
p9_CGTTCTGCAGGATCGA-1	Normal
p9_CTAAGACCAGAGCCAA-1	Normal
p9_CTCTAATCAAGAAGAG-1	Normal
p9_CTGAAGTGTCGGCACT-1	Normal
p9_CTGGTCTTCCAAACAC-1	Normal
p9_CTGTGCTCATAGTAAG-1	Normal
p9_GAACATCTCAAGGCTT-1	Normal
p9_GACCAATGTTCACGGC-1	Normal
p9_GACGCGTTCCGCAGTG-1	Normal
p9_GACTACAGTGTTGGGA-1	Normal
p9_GACTACATCAGCTCTC-1	Normal
p9_GACTGCGAGGGTTTCT-1	Normal
p9_GATCGTAAGGGTGTGT-1	Normal
p9_GATGAAACATTGAGCT-1	Normal
p9_GCATGTATCCGCGCAA-1	Normal
p9_GCGGGTTAGACAGACC-1	Normal
p9_GGACAGATCTTTACAC-1	Normal
p9_GGATGTTAGACAAAGG-1	Normal
p9_GGCGACTAGTGTACGG-1	Normal
p9_GGTGTTAGTGAGCGAT-1	Normal
p9_GTCACGGCACATCTTT-1	Normal
p9_GTCGTAAGTACATGTC-1	Normal
p9_GTGCGGTGTTAAAGAC-1	Normal
p9_GTGCTTCGTGCTGTAT-1	Normal
p9_GTGTTAGTCACTCTTA-1	Normal
p9_GTTCTCGTCAAGCCTA-1	Normal
p9_TAAGAGAGTCCGAATT-1	Normal
p9_TACCTTATCTGTACGA-1	Normal
p9_TACGGATGTGCACCAC-1	Normal
p9_TAGTGGTTCCACTCCA-1	Normal
p9_TAGTTGGTCATTATCC-1	Normal
p9_TCAACGATCGGTCTAA-1	Normal
p9_TCAGCTCGTTCGTCTC-1	Tumor
p9_TCATTTGGTTCGTGAT-1	Normal
p9_TCCCGATCACATCTTT-1	Normal
p9_TCGGTAACATGCATGT-1	Normal
p9_TCTGGAAGTGTTGGGA-1	Normal
p9_TGACGGCAGCCAGTAG-1	Normal
p9_TGCCCATCAAGTACCT-1	Normal
p9_TGCTACCCAGTATAAG-1	Normal
p9_TGGGCGTTCTCAAGTG-1	Normal
p9_TGTCCCAGTTGACGTT-1	Normal
p9_TGTGGTAAGACTAGGC-1	Normal
p9_TTAACTCGTCGAAAGC-1	Normal
p9_TTAGGACAGGGTGTTG-1	Normal
p9_TTGCCGTAGCACCGCT-1	Normal
p9_TTGCCGTGTATTCTCT-1	Normal
p10_AAAGGATAGGTGCTGA-1	Normal
p10_AACCATGCAGTAGTGG-1	Normal
p10_AATGAAGTCTCTCAAT-1	Normal
p10_AATGGCTGTTGTAGCT-1	Normal
p10_ACATCCCTCCTCACGT-1	Normal
p10_ACCCAAATCACTTCTA-1	Normal
p10_ACGGTCGTCCCAAGTA-1	Normal
p10_ACGTAACCAACAGAGC-1	Normal
p10_AGAAATGAGCAAGTCG-1	Normal
p10_AGAGCAGTCCTAGCTC-1	Normal
p10_AGCCACGGTGAGCAGT-1	Normal
p10_AGGCTGCAGATCCCGC-1	Normal
p10_ATACCTTAGCAACAAT-1	Normal
p10_ATCGTGAAGCGTGCTC-1	Normal
p10_CAAAGAATCTACAGGT-1	Normal
p10_CAACAACCATTGCTTT-1	Normal
p10_CATGGTACATTGAAGA-1	Normal
p10_CCAATGATCCCTTGGT-1	Normal
p10_CCCTTAGCAAGGGTCA-1	Normal
p10_CCGAACGAGTCAATCC-1	Normal
p10_CCGATGGCACAGCTGC-1	Normal
p10_CCGATGGCATATCTCT-1	Normal
p10_CCTACGTCAAGCGCAA-1	Normal
p10_CCTTTGGAGAGGTCGT-1	Normal
p10_CGAATTGCAGCTGGTC-1	Normal
p10_CGGGTGTGTAAGTAGT-1	Normal
p10_CTACGGGAGACTCCGC-1	Normal
p10_CTATCCGAGCGTACAG-1	Normal
p10_CTCAGAACACAGCATT-1	Normal
p10_CTCCCAATCAAGCCGC-1	Normal
p10_CTCCTCCAGAATTGTG-1	Normal
p10_GCAACATAGCAGGCAT-1	Normal
p10_GCACATAGTCAAACGG-1	Normal
p10_GCGGAAATCCTACCGT-1	Normal
p10_GCGGATCAGGTGGGTT-1	Normal
p10_GCGGATCTCACACGAT-1	Normal
p10_GCTTGGGGTACCCGAC-1	Normal
p10_GGAATGGAGCGTCTGC-1	Normal
p10_GTGTGATCAACACAAA-1	Normal
p10_GTTACAGGTTTCAGAC-1	Normal
p10_GTTCGCTCAATTCTCT-1	Normal
p10_TAAGCGTCAAGCGCTC-1	Normal
p10_TATCGCCAGGAACGTC-1	Normal
p10_TCAGTGAGTCGTCAGC-1	Normal
p10_TCATTCATCCATGATG-1	Normal
p10_TCCATGCCATCATTTC-1	Normal
p10_TCCTTCTCAGTAGTTC-1	Normal
p10_TGAATGCGTATCCCTC-1	Normal
p10_TGACGCGCAAATACGA-1	Normal
p10_TGGAGGAAGCTGTTAC-1	Normal
p10_TGGTAGTGTTCCACAA-1	Normal
p10_TGTCAGACAGGAATAT-1	Normal
p10_TGTGGCGTCCAGTACA-1	Normal
p10_TTACCATTCCTGGGAC-1	Normal
p11_AAATGCCGTCATTAGC-1	Normal
p11_AAGGAGCGTCTTGCGG-1	Normal
p11_ACGCAGCAGAAGATTC-1	Normal
p11_ACTGATGCACGAAATA-1	Normal
p11_AGAATAGGTAGAGTGC-1	Tumor
p11_AGACGTTGTGAAATCA-1	Tumor
p11_ATAAGAGAGTTGAGAT-1	Normal
p11_ATTCTACCATCTGGTA-1	Normal
p11_CACAAACCATTGTGCA-1	Normal
p11_CAGAGAGGTAAGTTCC-1	Tumor
p11_CATGCCTGTCCATGAT-1	Normal
p11_CCACTACTCGGAATCT-1	Normal
p11_CCATTCGCATAGGATA-1	Normal
p11_CCCAGTTGTGTAAGTA-1	Normal
p11_CCGGGATTCAAGGCTT-1	Normal
p11_CCGGTAGAGGCAGTCA-1	Normal
p11_CCGTTCATCCAAACTG-1	Normal
p11_CGAGAAGGTGTATGGG-1	Normal
p11_CGATTGAGTTGCGTTA-1	Normal
p11_CGGACGTAGGACGAAA-1	Normal
p11_CTAGCCTTCTTCGAGA-1	Tumor
p11_CTAGTGAAGTCGCCGT-1	Normal
p11_CTAGTGATCCAGAGGA-1	Tumor
p11_CTCTAATCAGCTGGCT-1	Normal
p11_CTGCGGAGTATGAAAC-1	Normal
p11_CTGTGCTGTTATCGGT-1	Tumor
p11_GAAACTCTCACAGGCC-1	Normal
p11_GAACATCAGATGTAAC-1	Tumor
p11_GAACATCGTGAGTGAC-1	Normal
p11_GATTCAGGTTCCACGG-1	Normal
p11_GCAGCCATCTCTGTCG-1	Tumor
p11_GCATGTAGTTACGACT-1	Normal
p11_GCGACCACACCGAAAG-1	Tumor
p11_TACACGATCATGCATG-1	Normal
p11_TACAGTGAGGGTTCCC-1	Tumor
p11_TAGAGCTAGTCGAGTG-1	Normal
p11_TAGTTGGTCTGTCTCG-1	Tumor
p11_TCCACACAGTGATCGG-1	Normal
p11_TCGAGGCGTGTAATGA-1	Normal
p11_TCTTTCCAGAAGAAGC-1	Normal
p11_TCTTTCCAGGGAACGG-1	Normal
p11_TGAAAGAGTCATGCCG-1	Normal
p11_TGAGAGGGTACAGTGG-1	Normal
p11_TGAGGGAGTGGCCCTA-1	Normal
p11_TGCGGGTTCCACTCCA-1	Tumor
p11_TGGCGCATCGGTGTTA-1	Normal
p11_TGGGAAGCATACTACG-1	Normal
p11_TTAACTCCAGGGATTG-1	Normal
p11_TTTGGTTCAGCATACT-1	Normal
p12_AACCGCGGTCCGTCAG-1	Normal
p12_AACTCCCCAGCCTGTG-1	Normal
p12_AGGTCCGCAGCTGTGC-1	Normal
p12_ATAAGAGCATAGAAAC-1	Normal
p12_ATCTACTGTATCGCAT-1	Normal
p12_CAAGATCCAAGGACAC-1	Tumor
p12_CACATTTAGTCATGCT-1	Tumor
p12_CACCTTGTCGTAGGAG-1	Normal
p12_CAGCTAATCCTACAGA-1	Tumor
p12_CAGGTGCAGGACAGCT-1	Tumor
p12_CCACTACTCTAAGCCA-1	Tumor
p12_CCTTCGAAGTACTTGC-1	Tumor
p12_CGAACATTCTGCCCTA-1	Tumor
p12_CGGACTGCAGCGAACA-1	Tumor
p12_CTTTGCGCACTACAGT-1	Tumor
p12_GACTACAAGTGCAAGC-1	Normal
p12_GCGCAGTGTACCGAGA-1	Normal
p12_GCGGGTTAGATCGATA-1	Normal
p12_GGGACCTCACTCTGTC-1	Normal
p12_TACGGATCACAGATTC-1	Normal
p12_TCACAAGGTTGCGCAC-1	Normal
p12_TGGTTAGCAAAGGAAG-1	Normal
p12_TTCTCCTTCGATGAGG-1	Normal
p12_TTTGGTTTCTCTAAGG-1	Normal
p12_TTTGTCATCAACGGGA-1	Tumor
p13_AACACGTTCCAAACAC-1	Normal
p13_AACCGCGGTGTAAGTA-1	Normal
p13_ACATGGTTCAACACGT-1	Normal
p13_ACATGGTTCATATCGG-1	Normal
p13_ACGGGCTGTCTAGCGC-1	Normal
p13_ACTGTCCGTCCAGTTA-1	Tumor
p13_AGCAGCCAGCGTAGTG-1	Normal
p13_ATGTGTGGTACATGTC-1	Normal
p13_ATTCTACAGTGACTCT-1	Normal
p13_ATTTCTGCAGCTGTTA-1	Normal
p13_CATCGGGCACATGGGA-1	Normal
p13_CCACTACGTTGTCGCG-1	Normal
p13_CCCATACTCCCACTTG-1	Normal
p13_CCGTGGATCGCGATCG-1	Normal
p13_CCTAGCTAGTAACCCT-1	Normal
p13_CCTCTGACAGCTTAAC-1	Normal
p13_CCTTTCTTCTTGAGAC-1	Normal
p13_CGAATGTAGTCCTCCT-1	Normal
p13_CGACTTCAGTGAAGTT-1	Normal
p13_CTAAGACTCCCTTGCA-1	Normal
p13_CTAGAGTAGAGATGAG-1	Normal
p13_CTAGTGAAGTAGATGT-1	Normal
p13_CTAGTGATCTGTCAAG-1	Normal
p13_CTCCTAGAGATGCCAG-1	Normal
p13_CTCGTCATCCGCAAGC-1	Normal
p13_CTCTGGTCAGTACACT-1	Normal
p13_CTGAAACCAACGCACC-1	Normal
p13_GAACCTATCTCGTATT-1	Normal
p13_GACCAATTCCGCATAA-1	Normal
p13_GACCTGGCAGGTCGTC-1	Normal
p13_GATCGATAGTTACCCA-1	Normal
p13_GCAATCACAGCTGGCT-1	Normal
p13_GCACTCTTCTGTTGAG-1	Normal
p13_GCATGATTCAACGGGA-1	Normal
p13_GCATGTAGTTTGCATG-1	Normal
p13_GCTGCGAGTTACCAGT-1	Normal
p13_GCTGCTTGTAAACGCG-1	Normal
p13_GGAAAGCCACAAGACG-1	Normal
p13_GGACAAGCAATGACCT-1	Normal
p13_GGCGTGTGTCCTGCTT-1	Normal
p13_GGGAATGTCGATGAGG-1	Normal
p13_GGGTTGCTCACAGGCC-1	Normal
p13_TAGCCGGTCCAGTATG-1	Normal
p13_TCGGTAAAGTGGTCCC-1	Normal
p13_TCTGGAACACCAGGTC-1	Normal
p13_TGACTTTTCGGAAACG-1	Normal
p13_TGCCAAAGTGCAGACA-1	Normal
p13_TGGGCGTGTAATAGCA-1	Normal
p13_TGGTTAGTCCTACAGA-1	Tumor
p13_TGTGGTAGTCGCGGTT-1	Normal
p13_TTCTACACATCCGCGA-1	Normal
p13_TTGGCAAAGACGACGT-1	Normal
p13_TTGGCAATCTTACCTA-1	Normal
